Tier,Element,El. Type,Unlock Req.,School,Spell Name,Mana Cost,Cast Time,Cooldown,Duration,Target,Scale Primary,Scale Secondary,Description
1,Air,Base,‚Äî,Alteration,Haste,14,Instant,2r,2r,Single ally,‚Äî,‚Äî,Faster attacks and movement on self or ally for 2 rounds.
2,Air,Base,‚Äî,Alteration,Sharpness,22,1r,1r,3r,Single ally,‚Äî,‚Äî,Sharpen weapon edges ‚Äî +damage for 3 rounds.
2,Fire,Base,‚Äî,Alteration,Fierce Blood,22,Instant,3r,4r,Single ally,lv,elSkill,+attack speed and +flat damage for 4 rounds.
2,Fire,Base,‚Äî,Alteration,Immolation,22,1r,‚Äî,3r,Self,‚Äî,‚Äî,Self-ignite ‚Äî burns enemies within 1 tile each round for 3 rounds.
2,Holy,Derived,Earth elSk‚â•2 + Air elSk‚â•2  OR  Restoration schoolSk‚â•2,Alteration,Bless,22,Instant,2r,4r,Single ally,‚Äî,‚Äî,Divine light raises an ally's combat stats for 4 rounds.
3,Electricity,Derived,Air elSk‚â•2 + Fire elSk‚â•2  OR  Destruction schoolSk‚â•2,Alteration,Lightning Cage,34,Instant,3r,4r,Single enemy,‚Äî,‚Äî,Cage of lightning ‚Äî movement triggers stun and damage.
3,Electricity,Derived,Air elSk‚â•2 + Fire elSk‚â•2  OR  Destruction schoolSk‚â•2,Alteration,Thunderstep,34,Instant,3r,3r,Single ally,schoolSkill,elSkill,"Charge an ally ‚Äî +attack speed, +move speed for 3 rounds."
3,Fire,Base,‚Äî,Alteration,Burn,34,Instant,‚Äî,3r,Single ally,‚Äî,‚Äî,Imbue melee attacks with fire damage for 3 rounds.
3,Holy,Derived,Earth elSk‚â•2 + Air elSk‚â•2  OR  Restoration schoolSk‚â•2,Alteration,Holy Strike,34,Instant,2r,10r,Single ally,‚Äî,‚Äî,Double damage against undead for 10 rounds.
3,Holy,Derived,Earth elSk‚â•2 + Air elSk‚â•2  OR  Restoration schoolSk‚â•2,Alteration,Intervention,34,Instant,4r,1r,All enemies,‚Äî,‚Äî,All enemies skip their action this round.
3,Water,Base,‚Äî,Alteration,Murky Depths,34,1r,3r,4r,Single enemy,schoolSkill,elSkill,"‚àídodge%, ‚àícrit% and ‚àíaccuracy on enemy for 4 rounds."
3,Wild,Derived,Fire elSk‚â•2 + Water elSk‚â•2  OR  Alteration schoolSk‚â•2,Alteration,Curse,34,1r,‚Äî,2r,Single enemy,‚Äî,‚Äî,Dark hex ‚Äî reduces accuracy and dodge for 2 rounds.
4,Wild,Derived,Fire elSk‚â•2 + Water elSk‚â•2  OR  Alteration schoolSk‚â•2,Alteration,Sleep,50,3r,6r,6r,Single enemy,‚Äî,‚Äî,Magically sleep one enemy ‚Äî no actions for 6 rounds.
5,Wild,Derived,Fire elSk‚â•2 + Water elSk‚â•2  OR  Alteration schoolSk‚â•2,Alteration,Confusion,72,2r,4r,4r,All enemies,‚Äî,‚Äî,3√ó3 confusion cloud ‚Äî enemies attack nearest unit for 4 rounds.
5,Wild,Derived,Fire elSk‚â•2 + Water elSk‚â•2  OR  Alteration schoolSk‚â•2,Alteration,Wild Fury,72,2r,5r,5r,Single ally,‚Äî,‚Äî,Massive dmg boost but ‚àíaccuracy for 5 rounds.
1,Water,Base,‚Äî,Conjuration,Wet Whip,14,Instant,‚Äî,‚Äî,Single enemy,‚Äî,‚Äî,"A conjured water whip ‚Äî 2 strikes, 3-tile reach."
2,Earth,Base,‚Äî,Conjuration,Rockfall,22,1r,1r,‚Äî,All enemies,‚Äî,‚Äî,Boulders rain on 6-tile area ‚Äî AoE bludgeoning damage.
2,Electricity,Derived,Air elSk‚â•2 + Fire elSk‚â•2  OR  Destruction schoolSk‚â•2,Conjuration,Spark Shield,22,Instant,2r,3r,Single ally,‚Äî,‚Äî,Conjure an electric barrier ‚Äî retaliates against the next attacker.
2,Fire,Base,‚Äî,Conjuration,Shoulder Imp,22,Instant,2r,3r,Single ally,‚Äî,‚Äî,Tiny fire imp ignites ranged attacks ‚Äî bonus fire damage per hit.
2,Nature,Derived,Earth elSk‚â•2 + Water elSk‚â•2  OR  Conjuration schoolSk‚â•2,Conjuration,Thornwall,22,1r,4r,6r,All enemies,schoolSkill,elSkill,Wall of thorns ‚Äî damage + move speed penalty for 6 rounds.
3,Air,Base,‚Äî,Conjuration,Tornado,34,2r,2r,4r,All enemies,‚Äî,‚Äî,Conjure a wandering tornado ‚Äî 50 dmg/round and hinders for 4 rounds.
3,Earth,Base,‚Äî,Conjuration,Earthwall,34,Instant,3r,15r,Self,‚Äî,‚Äî,Raise a stone wall ‚Äî blocks enemy advance for 15 rounds.
3,Earth,Base,‚Äî,Conjuration,Landslide,34,3r,5r,‚Äî,All enemies,‚Äî,‚Äî,500 dmg split across the entire enemy side.
4,Air,Base,‚Äî,Conjuration,Oblivion's Wing,50,2r,4r,‚Äî,All enemies,‚Äî,‚Äî,A massive dark wing sweeps the field ‚Äî wide AoE bludgeoning strike.
4,Earth,Base,‚Äî,Conjuration,Golem,50,4r,4r,10r,Self,‚Äî,‚Äî,Conjure a stone golem ‚Äî HP & dmg scale with Earth skill.
4,Earth,Base,‚Äî,Conjuration,Quicksand,50,Instant,3r,5r,All enemies,‚Äî,‚Äî,Conjure a 3√ó3 quicksand trap ‚Äî 75% movement reduction for 5 rounds.
4,Nature,Derived,Earth elSk‚â•2 + Water elSk‚â•2  OR  Conjuration schoolSk‚â•2,Conjuration,Overgrow,50,1r,5r,10r,All enemies,‚Äî,‚Äî,Conjure erupting plants ‚Äî 50% movement penalty in affected tiles.
4,Water,Base,‚Äî,Conjuration,Ice Elemental,50,4r,4r,10r,Self,‚Äî,‚Äî,Summon an Ice Elemental with slow aura ‚Äî at half caster level.
5,Air,Base,‚Äî,Conjuration,Air Elemental,72,3r,3r,15r,Self,‚Äî,‚Äî,Summon an Air Elemental ranged unit ‚Äî one at a time.
5,Fire,Base,‚Äî,Conjuration,Fire Elemental,72,4r,4r,15r,Self,‚Äî,‚Äî,Summon a Fire Elemental ‚Äî aura disables HP regen within 1 tile.
1,Fire,Base,‚Äî,Destruction,Firebolt,14,Instant,‚Äî,‚Äî,Single enemy,‚Äî,‚Äî,"A searing bolt of fire ‚Äî instant, single target."
2,Air,Base,‚Äî,Destruction,Gust,22,1r,1r,‚Äî,All enemies,‚Äî,‚Äî,Wave of air hits 3 enemies in a line ‚Äî chance to push back.
3,Air,Base,‚Äî,Destruction,Void Blade,34,Instant,‚Äî,‚Äî,All enemies,‚Äî,‚Äî,Razor crescent of compressed air slices through the enemy line.
3,Electricity,Derived,Air elSk‚â•2 + Fire elSk‚â•2  OR  Destruction schoolSk‚â•2,Destruction,Flash,34,1r,2r,2r,All units,‚Äî,‚Äî,Blinding burst ‚Äî all but caster miss for 2 rounds.
3,Fire,Base,‚Äî,Destruction,Inferno,34,3r,4r,3r,Single enemy,‚Äî,‚Äî,Pillar of fire ‚Äî massive hit + burn DoT halving each round.
3,Fire,Base,‚Äî,Destruction,Whip of Flames,34,Instant,2r,3r,Single enemy,‚Äî,‚Äî,Multi-ended fire whip ‚Äî lash count and damage scale with skill.
4,Air,Base,‚Äî,Destruction,Vacuum,50,2r,1r,5r,Single enemy,‚Äî,‚Äî,Suffocates target ‚Äî stops casting; round 5 collapses to 1 HP.
4,Electricity,Derived,Air elSk‚â•2 + Fire elSk‚â•2  OR  Destruction schoolSk‚â•2,Destruction,Lightning Strike,50,3r,5r,3r,Single enemy,‚Äî,‚Äî,Chain hits up to 5 enemies: 100%/80%/60%/40%/20%.
4,Fire,Base,‚Äî,Destruction,Incineration,50,5r,2r,5r,Single enemy,‚Äî,‚Äî,25%+skill% current HP per round for 5 rounds; no regen.
4,Wild,Derived,Fire elSk‚â•2 + Water elSk‚â•2  OR  Alteration schoolSk‚â•2,Destruction,Death Mark,50,1r,5r,5r,Single enemy,‚Äî,‚Äî,All damage taken amplified by 25%+skill% for 5 rounds.
5,Electricity,Derived,Air elSk‚â•2 + Fire elSk‚â•2  OR  Destruction schoolSk‚â•2,Destruction,Chain Lightning,72,5r,6r,‚Äî,Single enemy,‚Äî,‚Äî,250+scaling flat dmg bouncing up to 5 targets within 5 tiles.
5,Water,Base,‚Äî,Destruction,Avalanche,72,4r,6r,2r,All enemies,‚Äî,‚Äî,1000 dmg each; round 1 stun; round 2 ‚Äî 50% penalties.
5,Water,Base,‚Äî,Destruction,Tidal Crash,72,3r,4r,2r,All enemies,schoolSkill,lv,"Massive wave ‚Äî high flat damage, pushes back, dodge 0 for 2 rounds."
6,Earth,Base,‚Äî,Destruction,Earthquake,100,4r,1r,5r,All units,‚Äî,‚Äî,"Whole map shakes ‚Äî 50+ dmg/round, 50% all combat penalties, move 0."
6,Fire,Base,‚Äî,Destruction,Disintegration,100,8r,‚Äî,‚Äî,Single enemy,‚Äî,‚Äî,50%+1%/skill chance to drop target to 1 HP instantly.
1,Earth,Base,‚Äî,Restoration,Eartharmor,14,Instant,1r,2r,Single ally,‚Äî,‚Äî,Raise armor on self or ally for 2 rounds.
1,Water,Base,‚Äî,Restoration,Silver Stream,14,Instant,2r,3r,Single ally,schoolSkill,elSkill,+dodge% and +crit% for 3 rounds.
2,Electricity,Derived,Air elSk‚â•2 + Fire elSk‚â•2  OR  Destruction schoolSk‚â•2,Restoration,Shock Aura,22,Instant,2r,3r,Self,‚Äî,‚Äî,Crackling protective aura ‚Äî punishes and interrupts the next attacker.
2,Holy,Derived,Earth elSk‚â•2 + Air elSk‚â•2  OR  Restoration schoolSk‚â•2,Restoration,Sacred Mending,22,Instant,2r,4r,Single ally,schoolSkill,elSkill,Moderate HP regen per round for 4 rounds.
2,Water,Base,‚Äî,Restoration,Water Guard,22,Instant,2r,3r,Single ally,‚Äî,‚Äî,Flowing barrier ‚Äî boosts dodge and reduces damage taken.
3,Holy,Derived,Earth elSk‚â•2 + Air elSk‚â•2  OR  Restoration schoolSk‚â•2,Restoration,Minor Restoration,34,Instant,‚Äî,‚Äî,Single ally,‚Äî,‚Äî,Channel a small burst of holy light ‚Äî instant heal on one ally.
3,Nature,Derived,Earth elSk‚â•2 + Water elSk‚â•2  OR  Conjuration schoolSk‚â•2,Restoration,Lifedrain,34,1r,‚Äî,10r,Single enemy,‚Äî,‚Äî,Drain life each round ‚Äî half the drained amount restored to caster.
3,Water,Base,‚Äî,Restoration,Freeze,34,Instant,3r,5r,Single enemy,‚Äî,‚Äî,Encase enemy in ice ‚Äî halts movement; thaws 20%/round over 5 rounds.
4,Earth,Base,‚Äî,Restoration,Earthen Drain,50,2r,3r,4r,Single enemy,‚Äî,‚Äî,"Open a draining rift ‚Äî saps 4% max HP/round, feeding caster's regen."
4,Earth,Base,‚Äî,Restoration,Stoneskin,50,1r,3r,5r,Single ally,‚Äî,‚Äî,"Harden ally's skin to stone ‚Äî massive armor boost, slightly slowed."
4,Holy,Derived,Earth elSk‚â•2 + Air elSk‚â•2  OR  Restoration schoolSk‚â•2,Restoration,Major Restoration,50,Instant,‚Äî,‚Äî,Single ally,‚Äî,‚Äî,Channel a powerful wave of holy energy ‚Äî large instant heal on one ally.
5,Holy,Derived,Earth elSk‚â•2 + Air elSk‚â•2  OR  Restoration schoolSk‚â•2,Restoration,Cleansing Light,72,1r,2r,3r,All allies,‚Äî,‚Äî,All ally debuffs removed instantly ‚Äî whole map affected.
5,Nature,Derived,Earth elSk‚â•2 + Water elSk‚â•2  OR  Conjuration schoolSk‚â•2,Restoration,Nature's Pact,72,2r,4r,8r,Single ally,‚Äî,‚Äî,"Bond with nature ‚Äî strong regen + dmg bonus, minor bleed each round."
6,Holy,Derived,Earth elSk‚â•2 + Air elSk‚â•2  OR  Restoration schoolSk‚â•2,Restoration,Revitalization,100,1r,7r,‚Äî,Single ally,‚Äî,‚Äî,Full HP restoration for one ally instantly.
6,Nature,Derived,Earth elSk‚â•2 + Water elSk‚â•2  OR  Conjuration schoolSk‚â•2,Restoration,Wither,100,5r,2r,‚Äî,All enemies,schoolSkill,elSkill,"1000 flat dmg, √ó2 vs nature/conjuration classes; no regen."
